{
    "train_loss": 6.207289695739746,
    "train_acc": 0.4427184462547302
}