{
    "train_loss": 4.698851108551025,
    "train_acc": 0.546875
}