{
    "train_loss": 2.962420701980591,
    "train_acc": 0.24062499403953552
}