{
    "train_loss": 6.382453918457031,
    "train_acc": 0.3774318993091583
}