{
    "train_loss": 1.4727978706359863,
    "train_acc": 0.5160478353500366
}