{
    "train_loss": 1.3743541240692139,
    "train_acc": 0.5465701818466187
}