{
    "train_loss": 6.854592800140381,
    "train_acc": 0.49531251192092896
}