{
    "train_loss": 7.235280513763428,
    "train_acc": 0.37187498807907104
}