{
    "train_loss": 7.141378402709961,
    "train_acc": 0.40337225794792175
}