{
    "train_loss": 1.5079190731048584,
    "train_acc": 0.48508429527282715
}