{
    "train_loss": 1.887760043144226,
    "train_acc": 0.43839168548583984
}