{
    "train_loss": 6.29009485244751,
    "train_acc": 0.7124999761581421
}