{
    "train_loss": 6.448400497436523,
    "train_acc": 0.3786407709121704
}