{
    "train_loss": 5.349930763244629,
    "train_acc": 0.3262135982513428
}