{
    "train_loss": 5.172957420349121,
    "train_acc": 0.9818181991577148
}