{
    "train_loss": 5.1117658615112305,
    "train_acc": 0.42656248807907104
}