{
    "train_loss": 6.990050792694092,
    "train_acc": 0.4446601867675781
}