{
    "train_loss": 6.466866970062256,
    "train_acc": 0.6484375
}