{
    "train_loss": 1.513048529624939,
    "train_acc": 0.4798962473869324
}