{
    "train_loss": 4.929818630218506,
    "train_acc": 0.9587078094482422
}