{
    "train_loss": 1.551615595817566,
    "train_acc": 0.4773021936416626
}