{
    "train_loss": 6.290138244628906,
    "train_acc": 0.6949458718299866
}