{
    "train_loss": 1.27265202999115,
    "train_acc": 0.5693904161453247
}