{
    "train_loss": 5.008984088897705,
    "train_acc": 0.9599683880805969
}