{
    "train_loss": 1.7488218545913696,
    "train_acc": 0.48638132214546204
}