{
    "train_loss": 5.846704959869385,
    "train_acc": 0.84375
}