{
    "train_loss": 5.882200241088867,
    "train_acc": 0.835156261920929
}