{
    "train_loss": 6.888682842254639,
    "train_acc": 0.45436891913414
}