{
    "train_loss": 7.234624862670898,
    "train_acc": 0.3708737790584564
}